{
  "age_mean": 65.35325646290738,
  "age_std": 11.918906245347408,
  "sex_encoding": [
    "sex_male",
    "sex_female"
  ]
}