{
  "age_mean": 65.15580801780882,
  "age_std": 10.444142397281416,
  "sex_encoding": [
    "sex_male",
    "sex_female"
  ]
}