{
  "age_mean": 65.50069550241771,
  "age_std": 10.443804040425418,
  "sex_encoding": [
    "sex_male",
    "sex_female"
  ]
}