{
  "age_mean": 63.8083960757472,
  "age_std": 11.08482871226901,
  "sex_encoding": [
    "sex_male",
    "sex_female"
  ]
}