extension,n_files,total_size_mb,median_size_mb
dcm,2956,80154.30291175842,3.155149459838867
tsv,161,646.7545671463013,4.042572975158691
svs,160,178631.32713603973,1069.5632390975952
parcel,160,10.837220191955566,0.06457042694091797
txt,26,0.08196067810058594,0.000324249267578125
csv,14,0.4772806167602539,0.034848690032958984
py,5,0.026010513305664062,0.0027170181274414062
cct,3,87.04140853881836,21.04050922393799
