dataset,n_cases,n_events,c_index,dead_by_6m_known,dead_by_6m_positive,dead_by_6m_auroc,dead_by_6m_auprc,dead_by_12m_known,dead_by_12m_positive,dead_by_12m_auroc,dead_by_12m_auprc,dead_by_18m_known,dead_by_18m_positive,dead_by_18m_auroc,dead_by_18m_auprc,dead_by_24m_known,dead_by_24m_positive,dead_by_24m_auroc,dead_by_24m_auprc,mean_auroc,mean_auprc,c_index_boot,c_index_ci_low,c_index_ci_high,mean_auroc_boot,mean_auroc_ci_low,mean_auroc_ci_high,risk_cutoff_median,logrank_observed_high,logrank_expected_high,logrank_chi2,logrank_p_value
TCGA_test,16,10,0.5353535353535354,16,1,0.8666666666666667,0.3333333333333333,16,5,0.4909090909090909,0.3698717948717949,14,7,0.46938775510204084,0.4998255712541427,13,10,0.6000000000000001,0.8233658008658008,0.6067408781694497,0.5065991250812679,0.5353535353535354,0.2920895251902863,0.7757233048319745,0.6067408781694497,0.24363365800865802,0.8791778273809523,-2.7938252687454224,5.0,4.739893439893439,0.02744486683641551,0.8684206516456967
CPTAC_external,130,76,0.5316028990392718,130,16,0.4457236842105263,0.11220075058362514,119,44,0.5339393939393939,0.43850555150596515,109,58,0.5811359026369168,0.6292327284901708,93,66,0.5656565656565656,0.7781824877753526,0.5316138866108507,0.48953037958877843,0.5316028990392718,0.45807506628543326,0.5998575759449281,0.5316138866108507,0.4365989806892554,0.6249934141936285,-1.2602012753486633,42.0,36.45974020998142,1.6299412440579732,0.20171117551651513
