dataset,horizon,known_n,positive_n,positive_prevalence,AUROC,AUROC_low,AUROC_high,AUROC (95% CI),AUPRC,AUPRC_low,AUPRC_high,AUPRC (95% CI),random_AUPRC_baseline
CPTAC_external,dead_by_6m,130,16,0.12307692307692308,0.4457236842105263,0.3171126903968416,0.5810719881022485,0.446 (0.317-0.581),0.11220075058362514,0.06471975784471042,0.20109532038547262,0.112 (0.065-0.201),0.12307692307692308
CPTAC_external,dead_by_12m,119,44,0.3697478991596639,0.5339393939393939,0.4194529729729729,0.6443814434837472,0.534 (0.419-0.644),0.43850555150596515,0.319679412489238,0.604896980223387,0.439 (0.320-0.605),0.3697478991596639
CPTAC_external,dead_by_18m,109,58,0.5321100917431193,0.5811359026369168,0.4770547883137597,0.6797130084972568,0.581 (0.477-0.680),0.6292327284901708,0.5072217973445928,0.7617505824882735,0.629 (0.507-0.762),0.5321100917431193
CPTAC_external,dead_by_24m,93,66,0.7096774193548387,0.5656565656565656,0.44333231279499935,0.6830232092837135,0.566 (0.443-0.683),0.7781824877753526,0.6668202251777294,0.8833276262937169,0.778 (0.667-0.883),0.7096774193548387
TCGA_test,dead_by_6m,16,1,0.0625,0.8666666666666667,0.6666666666666667,1.0,0.867 (0.667-1.000),0.3333333333333333,0.16666666666666666,1.0,0.333 (0.167-1.000),0.0625
TCGA_test,dead_by_12m,16,5,0.3125,0.4909090909090909,0.1333333333333333,0.854185606060606,0.491 (0.133-0.854),0.3698717948717949,0.1423611111111111,0.7912660256410257,0.370 (0.142-0.791),0.3125
TCGA_test,dead_by_18m,14,7,0.5,0.46938775510204084,0.1480902777777778,0.8095238095238095,0.469 (0.148-0.810),0.4998255712541427,0.2540706168831169,0.8857589285714285,0.500 (0.254-0.886),0.5
TCGA_test,dead_by_24m,13,10,0.7692307692307693,0.6000000000000001,0.0,1.0,0.600 (0.000-1.000),0.8233658008658008,0.5682972582972582,1.0,0.823 (0.568-1.000),0.7692307692307693
